url,status_code,accessible,robots_meta,noindex,canonical,error,final_url
https://sphereglobal.solutions/,200,True,"index, follow",False,https://sphereglobal.solutions,,https://sphereglobal.solutions/
https://sphereglobal.solutions/contact,200,True,"index, follow",False,https://sphereglobal.solutions/contact,,https://sphereglobal.solutions/contact
https://sphereglobal.solutions/bpo-cost-calculator,200,True,"index, follow",False,https://sphereglobal.solutions/bpo-cost-calculator,,https://sphereglobal.solutions/bpo-cost-calculator
https://sphereglobal.solutions/company/about/leadership-team,200,True,"index, follow",False,,,https://sphereglobal.solutions/company/about/leadership-team
https://sphereglobal.solutions/company/about/partners,200,True,"index, follow",False,,,https://sphereglobal.solutions/company/about/partners
https://sphereglobal.solutions/career/current-opening,200,True,"index, follow",False,https://sphereglobal.solutions,,https://sphereglobal.solutions/career/current-opening
https://sphereglobal.solutions/what-we-do/bpo-support-services,200,True,"index, follow",False,https://sphereglobal.solutions/what-we-do/bpo-support-services,,https://sphereglobal.solutions/what-we-do/bpo-support-services
https://sphereglobal.solutions/what-we-do/consulting,200,True,"index, follow",False,https://sphereglobal.solutions/what-we-do/consulting,,https://sphereglobal.solutions/what-we-do/consulting
https://sphereglobal.solutions/what-we-do/managed-it-services,200,True,"index, follow",False,https://sphereglobal.solutions/what-we-do/managed-it-services,,https://sphereglobal.solutions/what-we-do/managed-it-services
https://sphereglobal.solutions/what-we-do/consulting/business-strategy,200,True,"index, follow",False,https://sphereglobal.solutions/what-we-do/consulting/business-strategy,,https://sphereglobal.solutions/what-we-do/consulting/business-strategy
https://sphereglobal.solutions/what-we-do/consulting/it-consulting,200,True,"index, follow",False,https://sphereglobal.solutions/what-we-do/consulting/it-consulting,,https://sphereglobal.solutions/what-we-do/consulting/it-consulting
https://sphereglobal.solutions/what-we-do/consulting/process-transformation,200,True,"index, follow",False,https://sphereglobal.solutions/what-we-do/consulting/process-transformation,,https://sphereglobal.solutions/what-we-do/consulting/process-transformation
https://sphereglobal.solutions/what-we-do/consulting/organizational-transformation,200,True,"index, follow",False,https://sphereglobal.solutions/what-we-do/consulting/organizational-transformation,,https://sphereglobal.solutions/what-we-do/consulting/organizational-transformation
https://sphereglobal.solutions/what-we-do/consulting/change-management,200,True,"index, follow",False,https://sphereglobal.solutions/what-we-do/consulting/change-management,,https://sphereglobal.solutions/what-we-do/consulting/change-management
https://sphereglobal.solutions/what-we-do/consulting/digital-transformation,200,True,"index, follow",False,https://sphereglobal.solutions/what-we-do/consulting/digital-transformation,,https://sphereglobal.solutions/what-we-do/consulting/digital-transformation
https://sphereglobal.solutions/what-we-do/managed-it-services/backup-and-disaster,200,True,"index, follow",False,https://sphereglobal.solutions/what-we-do/managed-it-services/backup-and-disaster,,https://sphereglobal.solutions/what-we-do/managed-it-services/backup-and-disaster
https://sphereglobal.solutions/what-we-do/managed-it-services/cloud-service-management,200,True,"index, follow",False,https://sphereglobal.solutions/what-we-do/managed-it-services/cloud-service-management,,https://sphereglobal.solutions/what-we-do/managed-it-services/cloud-service-management
https://sphereglobal.solutions/what-we-do/managed-it-services/cyber-security-services,200,True,"index, follow",False,https://sphereglobal.solutions/what-we-do/managed-it-services/cyber-security-services,,https://sphereglobal.solutions/what-we-do/managed-it-services/cyber-security-services
https://sphereglobal.solutions/what-we-do/managed-it-services/help-desk-and-end-user-support,200,True,"index, follow",False,https://sphereglobal.solutions/what-we-do/managed-it-services/help-desk-and-end-user-support,,https://sphereglobal.solutions/what-we-do/managed-it-services/help-desk-and-end-user-support
https://sphereglobal.solutions/what-we-do/managed-it-services/it-infrastructure-monitoring,200,True,"index, follow",False,https://sphereglobal.solutions/what-we-do/managed-it-services/it-infrastructure-monitoring,,https://sphereglobal.solutions/what-we-do/managed-it-services/it-infrastructure-monitoring
https://sphereglobal.solutions/what-we-do/managed-it-services/network-management,200,True,"index, follow",False,https://sphereglobal.solutions/what-we-do/managed-it-services/network-management,,https://sphereglobal.solutions/what-we-do/managed-it-services/network-management
https://sphereglobal.solutions/what-we-do/bpo-service-management/back-office-operations,200,True,"index, follow",False,https://sphereglobal.solutions/what-we-do/bpo-service-management/back-office-operations,,https://sphereglobal.solutions/what-we-do/bpo-service-management/back-office-operations
https://sphereglobal.solutions/what-we-do/bpo-service-management/compliance-risk-operations,200,True,"index, follow",False,https://sphereglobal.solutions/what-we-do/bpo-service-management/content-moderation-management,,https://sphereglobal.solutions/what-we-do/bpo-service-management/compliance-risk-operations
https://sphereglobal.solutions/what-we-do/bpo-service-management/content-moderation-management,200,True,"index, follow",False,https://sphereglobal.solutions/what-we-do/bpo-service-management/content-moderation-management,,https://sphereglobal.solutions/what-we-do/bpo-service-management/content-moderation-management
https://sphereglobal.solutions/what-we-do/bpo-service-management/customer-support-operations,200,True,"index, follow",False,https://sphereglobal.solutions/what-we-do/bpo-service-management/customer-support-operations,,https://sphereglobal.solutions/what-we-do/bpo-service-management/customer-support-operations
https://sphereglobal.solutions/solutions/bpo-solutions/data-entry-management-services/,200,True,"index, follow",False,https://sphereglobal.solutions/solutions/bpo-solutions/data-entry-management-services,,https://sphereglobal.solutions/solutions/bpo-solutions/data-entry-management-services
https://sphereglobal.solutions/what-we-do/bpo-service-management/digital-e-com-operations,200,True,"index, follow",False,https://sphereglobal.solutions/what-we-do/bpo-service-management/digital-e-com-operations,,https://sphereglobal.solutions/what-we-do/bpo-service-management/digital-e-com-operations
https://sphereglobal.solutions/solutions/industry/finance-accounting-outsourcing/,200,True,"index, follow",False,https://sphereglobal.solutions/solutions/industry/finance-accounting-outsourcing,,https://sphereglobal.solutions/solutions/industry/finance-accounting-outsourcing
https://sphereglobal.solutions/what-we-do/bpo-service-management/human-resources-operations,200,True,"index, follow",False,https://sphereglobal.solutions/what-we-do/bpo-service-management/human-resources-operations,,https://sphereglobal.solutions/what-we-do/bpo-service-management/human-resources-operations
https://sphereglobal.solutions/what-we-do/bpo-service-management/industry-specific-bpo-services,200,True,"index, follow",False,https://sphereglobal.solutions/what-we-do/bpo-service-management/industry-specific-bpo-services,,https://sphereglobal.solutions/what-we-do/bpo-service-management/industry-specific-bpo-services
https://sphereglobal.solutions/what-we-do/bpo-service-management/IT-enabled-bpo-services,200,True,"index, follow",False,https://sphereglobal.solutions/what-we-do/bpo-service-management/IT-enabled-bpo-services,,https://sphereglobal.solutions/what-we-do/bpo-service-management/IT-enabled-bpo-services
https://sphereglobal.solutions/what-we-do/bpo-service-management/reporting-and-business-analytics,200,True,"index, follow",False,https://sphereglobal.solutions/what-we-do/bpo-service-management/reporting-and-business-analytics,,https://sphereglobal.solutions/what-we-do/bpo-service-management/reporting-and-business-analytics
https://sphereglobal.solutions/what-we-do/bpo-service-management/sales-and-lead-management,200,True,"index, follow",False,https://sphereglobal.solutions/what-we-do/bpo-service-management/sales-and-lead-management,,https://sphereglobal.solutions/what-we-do/bpo-service-management/sales-and-lead-management
https://sphereglobal.solutions/what-we-do/bpo-service-management/procurement-and-supply-chain-operations,200,True,"index, follow",False,https://sphereglobal.solutions/what-we-do/bpo-service-management/procurement-and-supply-chain-operations,,https://sphereglobal.solutions/what-we-do/bpo-service-management/procurement-and-supply-chain-operations
https://sphereglobal.solutions/digital-workplace,200,True,"index, follow",False,https://sphereglobal.solutions/digital-workplace,,https://sphereglobal.solutions/digital-workplace
https://sphereglobal.solutions/cloud-and-application-services,200,True,"index, follow",False,https://sphereglobal.solutions/cloud-and-application-services,,https://sphereglobal.solutions/cloud-and-application-services
https://sphereglobal.solutions/consulting-and-professional-services,200,True,"index, follow",False,https://sphereglobal.solutions/consulting-and-professional-services,,https://sphereglobal.solutions/consulting-and-professional-services
https://sphereglobal.solutions/managed-it-services,200,True,"index, follow",False,https://sphereglobal.solutions/what-we-do/managed-it-services,,https://sphereglobal.solutions/managed-it-services
https://sphereglobal.solutions/strategic-staffing-and-payroll-services,200,True,"index, follow",False,https://sphereglobal.solutions/strategic-staffing-and-payroll-services,,https://sphereglobal.solutions/strategic-staffing-and-payroll-services
https://sphereglobal.solutions/industry,200,True,"index, follow",False,https://sphereglobal.solutions/industry,,https://sphereglobal.solutions/industry
https://sphereglobal.solutions/industry/telecommunications,200,True,"index, follow",False,https://sphereglobal.solutions/industry/telecommunications,,https://sphereglobal.solutions/industry/telecommunications
https://sphereglobal.solutions/industry/tech-managed-services,200,True,"index, follow",False,https://sphereglobal.solutions/industry/tech-managed-services,,https://sphereglobal.solutions/industry/tech-managed-services
https://sphereglobal.solutions/industry/logistics-transport-infrastructure,200,True,"index, follow",False,https://sphereglobal.solutions/industry/logistics-transport-infrastructure,,https://sphereglobal.solutions/industry/logistics-transport-infrastructure
https://sphereglobal.solutions/industry/adtech-martech,200,True,"index, follow",False,https://sphereglobal.solutions/industry/adtech-martech,,https://sphereglobal.solutions/industry/adtech-martech
https://sphereglobal.solutions/industry/healthtech,200,True,"index, follow",False,https://sphereglobal.solutions/industry/healthtech,,https://sphereglobal.solutions/industry/healthtech
https://sphereglobal.solutions/industry/scaling-ai-platforms,200,True,"index, follow",False,https://sphereglobal.solutions/industry/scaling-ai-platforms,,https://sphereglobal.solutions/industry/scaling-ai-platforms
https://sphereglobal.solutions/industry/edtech,200,True,"index, follow",False,https://sphereglobal.solutions/industry/edtech,,https://sphereglobal.solutions/industry/edtech
https://sphereglobal.solutions/insights/articles,200,True,"index, follow",False,https://sphereglobal.solutions/insights/articles,,https://sphereglobal.solutions/insights/articles
https://sphereglobal.solutions/blog,200,True,"index, follow",False,https://sphereglobal.solutions/blog,,https://sphereglobal.solutions/blog
https://sphereglobal.solutions/insights/industry-pov,200,True,"index, follow",False,https://sphereglobal.solutions/insights/industry-pov,,https://sphereglobal.solutions/insights/industry-pov
https://sphereglobal.solutions/insights/operating-model-insights,200,True,"index, follow",False,https://sphereglobal.solutions/insights/operating-model-insights,,https://sphereglobal.solutions/insights/operating-model-insights
https://sphereglobal.solutions/proof,200,True,"index, follow",False,https://sphereglobal.solutions/proof,,https://sphereglobal.solutions/proof
https://sphereglobal.solutions/how-we-deliver,200,True,"index, follow",False,https://sphereglobal.solutions/how-we-deliver,,https://sphereglobal.solutions/how-we-deliver
https://sphereglobal.solutions/book-a-diagnostic,200,True,"index, follow",False,https://sphereglobal.solutions/book-a-diagnostic,,https://sphereglobal.solutions/book-a-diagnostic
https://sphereglobal.solutions/sitemap,200,True,"index, follow",False,https://sphereglobal.solutions,,https://sphereglobal.solutions/sitemap
https://sphereglobal.solutions/privacy-policy,200,True,"index, follow",False,https://sphereglobal.solutions/privacy-policy,,https://sphereglobal.solutions/privacy-policy
https://sphereglobal.solutions/cookie-policy,200,True,"index, follow",False,https://sphereglobal.solutions/cookie-policy,,https://sphereglobal.solutions/cookie-policy
https://sphereglobal.solutions/terms-and-conditions,200,True,"index, follow",False,https://sphereglobal.solutions/terms-and-conditions,,https://sphereglobal.solutions/terms-and-conditions
https://sphereglobal.solutions/business-consulting-in-the-uk,200,True,"index, follow",False,https://sphereglobal.solutions/business-consulting-in-the-uk,,https://sphereglobal.solutions/business-consulting-in-the-uk
https://sphereglobal.solutions/expert-business-consulting-in-india,200,True,"index, follow",False,https://sphereglobal.solutions/expert-business-consulting-in-india,,https://sphereglobal.solutions/expert-business-consulting-in-india
https://sphereglobal.solutions/leading-business-consultants-in-the-uae,200,True,"index, follow",False,https://sphereglobal.solutions,,https://sphereglobal.solutions/leading-business-consultants-in-the-uae
https://sphereglobal.solutions/usas-business-consulting-services,200,True,"index, follow",False,https://sphereglobal.solutions/usas-business-consulting-services,,https://sphereglobal.solutions/usas-business-consulting-services
https://sphereglobal.solutions/network-operations-centre,200,True,"index, follow",False,https://sphereglobal.solutions/network-operations-centre,,https://sphereglobal.solutions/network-operations-centre
https://sphereglobal.solutions/solutions/consulting/cost-optimization-services,200,True,"index, follow",False,https://sphereglobal.solutions,,https://sphereglobal.solutions/solutions/consulting/cost-optimization-services
https://sphereglobal.solutions/solutions/consulting/project-management-as-a-service-pmaas,200,True,"index, follow",False,https://sphereglobal.solutions,,https://sphereglobal.solutions/solutions/consulting/project-management-as-a-service-pmaas
https://sphereglobal.solutions/ai-powered-telecom-operations-aiops-network-outsourcing,200,True,"index, follow",False,https://sphereglobal.solutions/ai-powered-telecom-operations-aiops-network-outsourcing,,https://sphereglobal.solutions/ai-powered-telecom-operations-aiops-network-outsourcing
https://sphereglobal.solutions/telecom-managed-services-reduce-opex,200,True,"index, follow",False,https://sphereglobal.solutions/telecom-managed-services-reduce-opex,,https://sphereglobal.solutions/telecom-managed-services-reduce-opex
https://sphereglobal.solutions/scalable-network-operations-through-outsourcing,200,True,"index, follow",False,https://sphereglobal.solutions/scalable-network-operations-through-outsourcing,,https://sphereglobal.solutions/scalable-network-operations-through-outsourcing
https://sphereglobal.solutions/telecom-outsourcing-vs-in-house-operations,200,True,"index, follow",False,https://sphereglobal.solutions/telecom-outsourcing-vs-in-house-operations,,https://sphereglobal.solutions/telecom-outsourcing-vs-in-house-operations
https://sphereglobal.solutions/network-fault-management,200,True,"index, follow",False,https://sphereglobal.solutions/network-fault-management,,https://sphereglobal.solutions/network-fault-management
https://sphereglobal.solutions/bpo-consulting-solutions-Complete-Guide,200,True,"index, follow",False,https://sphereglobal.solutions/bpo-consulting-solutions-Complete-Guide,,https://sphereglobal.solutions/bpo-consulting-solutions-Complete-Guide
https://sphereglobal.solutions/modern-network-operations-centre-proactive-noc-services,200,True,"index, follow",False,https://sphereglobal.solutions/modern-network-operations-centre-proactive-noc-services,,https://sphereglobal.solutions/modern-network-operations-centre-proactive-noc-services
https://sphereglobal.solutions/network-operations-centre-guide,200,True,"index, follow",False,https://sphereglobal.solutions/network-operations-centre-guide,,https://sphereglobal.solutions/network-operations-centre-guide
https://sphereglobal.solutions/global-bpo-solutions-for-telecom-companies,200,True,"index, follow",False,https://sphereglobal.solutions/global-bpo-solutions-for-telecom-companies,,https://sphereglobal.solutions/global-bpo-solutions-for-telecom-companies
https://sphereglobal.solutions/ai-automation-transforming-bpo-consulting-services-2026,200,True,"index, follow",False,https://sphereglobal.solutions/ai-automation-transforming-bpo-consulting-services-2026,,https://sphereglobal.solutions/ai-automation-transforming-bpo-consulting-services-2026
https://sphereglobal.solutions/bpo-implementation-services,200,True,"index, follow",False,https://sphereglobal.solutions/bpo-implementation-services,,https://sphereglobal.solutions/bpo-implementation-services
https://sphereglobal.solutions/bpo-vendor-evaluation-criteria-2026,200,True,"index, follow",False,https://sphereglobal.solutions/bpo-vendor-evaluation-criteria-2026,,https://sphereglobal.solutions/bpo-vendor-evaluation-criteria-2026
https://sphereglobal.solutions/bt-verizon-joint-venture-global-connectivity,200,True,"index, follow",False,https://sphereglobal.solutions/bt-verizon-joint-venture-global-connectivity,,https://sphereglobal.solutions/bt-verizon-joint-venture-global-connectivity
https://sphereglobal.solutions/hire-bpo-consulting-company-for-outsourcing-success,200,True,"index, follow",False,https://sphereglobal.solutions/hire-bpo-consulting-company-for-outsourcing-success,,https://sphereglobal.solutions/hire-bpo-consulting-company-for-outsourcing-success
https://sphereglobal.solutions/what-is-bpo-consulting,200,True,"index, follow",False,https://sphereglobal.solutions/what-is-bpo-consulting,,https://sphereglobal.solutions/what-is-bpo-consulting
https://sphereglobal.solutions/bpo-consulting-services-for-business-growth,200,True,"index, follow",False,https://sphereglobal.solutions/bpo-consulting-services-for-business-growth,,https://sphereglobal.solutions/bpo-consulting-services-for-business-growth
https://sphereglobal.solutions/cost-optimization-services-efficient-way-for-business-growth,200,True,"index, follow",False,https://sphereglobal.solutions/cost-optimization-services-efficient-way-for-business-growth,,https://sphereglobal.solutions/cost-optimization-services-efficient-way-for-business-growth
https://sphereglobal.solutions/unlocking-cost-efficiency-with-sphere-global-solutions-bpo-services,200,True,"index, follow",False,https://sphereglobal.solutions/unlocking-cost-efficiency-with-sphere-global-solutions-bpo-services,,https://sphereglobal.solutions/unlocking-cost-efficiency-with-sphere-global-solutions-bpo-services
https://sphereglobal.solutions/outpace-giants-bpo-centre-of-excellence,200,True,"index, follow",False,https://sphereglobal.solutions/outpace-giants-bpo-centre-of-excellence,,https://sphereglobal.solutions/outpace-giants-bpo-centre-of-excellence
https://sphereglobal.solutions/global-bpo-solutions-in-2025,200,True,"index, follow",False,https://sphereglobal.solutions/global-bpo-solutions-in-2025,,https://sphereglobal.solutions/global-bpo-solutions-in-2025
https://sphereglobal.solutions/outsourced-financial-reporting-2025,200,True,"index, follow",False,https://sphereglobal.solutions/outsourced-financial-reporting-2025,,https://sphereglobal.solutions/outsourced-financial-reporting-2025
https://sphereglobal.solutions/how-project-management-as-a-service-pmaas-enhances-collaboration-and-workflow,200,True,"index, follow",False,https://sphereglobal.solutions/how-project-management-as-a-service-pmaas-enhances-collaboration-and-workflow,,https://sphereglobal.solutions/how-project-management-as-a-service-pmaas-enhances-collaboration-and-workflow
https://sphereglobal.solutions/why-durable-medical-equipment-dme-companies-should-outsource-data-entry,200,True,"index, follow",False,https://sphereglobal.solutions/why-durable-medical-equipment-dme-companies-should-outsource-data-entry,,https://sphereglobal.solutions/why-durable-medical-equipment-dme-companies-should-outsource-data-entry
https://sphereglobal.solutions/ai-automation-in-bpo-shaping-the-future-of-telecom-operations,200,True,"index, follow",False,https://sphereglobal.solutions/ai-automation-in-bpo-shaping-the-future-of-telecom-operations,,https://sphereglobal.solutions/ai-automation-in-bpo-shaping-the-future-of-telecom-operations
https://sphereglobal.solutions/why-outsourced-accounting-services-are-the-smart-choice-for-growing-businesses,200,True,"index, follow",False,https://sphereglobal.solutions/why-outsourced-accounting-services-are-the-smart-choice-for-growing-businesses,,https://sphereglobal.solutions/why-outsourced-accounting-services-are-the-smart-choice-for-growing-businesses
https://sphereglobal.solutions/telecom-bpos-with-omnichannel-strategies,200,True,"index, follow",False,https://sphereglobal.solutions/telecom-bpos-with-omnichannel-strategies,,https://sphereglobal.solutions/telecom-bpos-with-omnichannel-strategies
https://sphereglobal.solutions/telecom-bpo-for-next-level-customer-experience,200,True,"index, follow",False,https://sphereglobal.solutions/telecom-bpo-for-next-level-customer-experience,,https://sphereglobal.solutions/telecom-bpo-for-next-level-customer-experience
https://sphereglobal.solutions/future-proof-project-delivery-pmaas-2025,200,True,"index, follow",False,https://sphereglobal.solutions/future-proof-project-delivery-pmaas-2025,,https://sphereglobal.solutions/future-proof-project-delivery-pmaas-2025
https://sphereglobal.solutions/from-legacy-systems-to-cloud-native-networks-the-telecom-transition-2,200,True,"index, follow",False,https://sphereglobal.solutions/from-legacy-systems-to-cloud-native-networks-the-telecom-transition-2,,https://sphereglobal.solutions/from-legacy-systems-to-cloud-native-networks-the-telecom-transition-2
https://sphereglobal.solutions/bpo-services-for-uk-telecom-providers,200,True,"index, follow",False,https://sphereglobal.solutions/bpo-services-for-uk-telecom-providers,,https://sphereglobal.solutions/bpo-services-for-uk-telecom-providers
https://sphereglobal.solutions/pmaas-for-tech-focused-companies,200,True,"index, follow",False,https://sphereglobal.solutions/pmaas-for-tech-focused-companies,,https://sphereglobal.solutions/pmaas-for-tech-focused-companies
https://sphereglobal.solutions/how-5g-and-6g-will-revolutionise-connectivity-worldwide,200,True,"index, follow",False,https://sphereglobal.solutions/how-5g-and-6g-will-revolutionise-connectivity-worldwide,,https://sphereglobal.solutions/how-5g-and-6g-will-revolutionise-connectivity-worldwide
https://sphereglobal.solutions/agentic-ai-in-telecom-sphere-global,200,True,"index, follow",False,https://sphereglobal.solutions/agentic-ai-in-telecom-sphere-global,,https://sphereglobal.solutions/agentic-ai-in-telecom-sphere-global
https://sphereglobal.solutions/pmaas-and-digital-transformation,200,True,"index, follow",False,https://sphereglobal.solutions/pmaas-and-digital-transformation,,https://sphereglobal.solutions/pmaas-and-digital-transformation
https://sphereglobal.solutions/telecom-bpo-for-sme-2025,200,True,"index, follow",False,https://sphereglobal.solutions/telecom-bpo-for-sme-2025,,https://sphereglobal.solutions/telecom-bpo-for-sme-2025
https://sphereglobal.solutions/bpo-business-consultancy-guide,200,True,"index, follow",False,https://sphereglobal.solutions/bpo-business-consultancy-guide,,https://sphereglobal.solutions/bpo-business-consultancy-guide
https://sphereglobal.solutions/telecom-business-consultancy-for-bpo-and-telecom,200,True,"index, follow",False,https://sphereglobal.solutions/telecom-business-consultancy-for-bpo-and-telecom,,https://sphereglobal.solutions/telecom-business-consultancy-for-bpo-and-telecom
https://sphereglobal.solutions/msme-business-consultant,200,True,"index, follow",False,https://sphereglobal.solutions/msme-business-consultant,,https://sphereglobal.solutions/msme-business-consultant
https://sphereglobal.solutions/pmaas-for-cloud-and-saas-project,200,True,"index, follow",False,https://sphereglobal.solutions/pmaas-for-cloud-and-saas-project,,https://sphereglobal.solutions/pmaas-for-cloud-and-saas-project
https://sphereglobal.solutions/startup-support-first-100-days-sphere-global,200,True,"index, follow",False,https://sphereglobal.solutions/startup-support-first-100-days-sphere-global,,https://sphereglobal.solutions/startup-support-first-100-days-sphere-global
https://sphereglobal.solutions/business-growth-consulting,200,True,"index, follow",False,https://sphereglobal.solutions/business-growth-consulting,,https://sphereglobal.solutions/business-growth-consulting
https://sphereglobal.solutions/what-ai-means-for-the-future-of-business-consultancy-and-bpo-firms,200,True,"index, follow",False,https://sphereglobal.solutions/what-ai-means-for-the-future-of-business-consultancy-and-bpo-firms,,https://sphereglobal.solutions/what-ai-means-for-the-future-of-business-consultancy-and-bpo-firms
https://sphereglobal.solutions/future-proof-your-telecom-business-with-agile-bpo-solutions,200,True,"index, follow",False,https://sphereglobal.solutions/future-proof-your-telecom-business-with-agile-bpo-solutions,,https://sphereglobal.solutions/future-proof-your-telecom-business-with-agile-bpo-solutions
https://sphereglobal.solutions/ai-driven-bpo-telecom-billing-solutions,200,True,"index, follow",False,https://sphereglobal.solutions/ai-driven-bpo-telecom-billing-solutions,,https://sphereglobal.solutions/ai-driven-bpo-telecom-billing-solutions
https://sphereglobal.solutions/enhancing-data-security-with-telecom-operations,200,True,"index, follow",False,https://sphereglobal.solutions/enhancing-data-security-with-telecom-operations,,https://sphereglobal.solutions/enhancing-data-security-with-telecom-operations
https://sphereglobal.solutions/telecom-industry-pain-points-bpo-solutions,200,True,"index, follow",False,https://sphereglobal.solutions/telecom-industry-pain-points-bpo-solutions,,https://sphereglobal.solutions/telecom-industry-pain-points-bpo-solutions
https://sphereglobal.solutions/customer-service-overload-telecommunication,200,True,"index, follow",False,https://sphereglobal.solutions/customer-service-overload-telecommunication,,https://sphereglobal.solutions/customer-service-overload-telecommunication
https://sphereglobal.solutions/digital-transformation-partner,200,True,"index, follow",False,https://sphereglobal.solutions/digital-transformation-partner,,https://sphereglobal.solutions/digital-transformation-partner
https://sphereglobal.solutions/billing-errors-revenue-leakage-telecom,200,True,"index, follow",False,https://sphereglobal.solutions/billing-errors-revenue-leakage-telecom,,https://sphereglobal.solutions/billing-errors-revenue-leakage-telecom
https://sphereglobal.solutions/high-churn-rate-customer-retention-telecom,200,True,"index, follow",False,https://sphereglobal.solutions/high-churn-rate-customer-retention-telecom,,https://sphereglobal.solutions/high-churn-rate-customer-retention-telecom
https://sphereglobal.solutions/telecom-network-management-challenges,200,True,"index, follow",False,https://sphereglobal.solutions/telecom-network-management-challenges,,https://sphereglobal.solutions/telecom-network-management-challenges
https://sphereglobal.solutions/ai-in-telecom-network-optimisation,200,True,"index, follow",False,https://sphereglobal.solutions/ai-in-telecom-network-optimisation,,https://sphereglobal.solutions/ai-in-telecom-network-optimisation
https://sphereglobal.solutions/customer-service-outsourcing-transform-business-2025,200,True,"index, follow",False,https://sphereglobal.solutions/customer-service-outsourcing-transform-business-2025,,https://sphereglobal.solutions/customer-service-outsourcing-transform-business-2025
https://sphereglobal.solutions/the-100k-h-1b-visa-shock-why-outsourcing-with-sphere-global-is-smarter-for-us-uk-businesses,200,True,"index, follow",False,https://sphereglobal.solutions/the-100k-h-1b-visa-shock-why-outsourcing-with-sphere-global-is-smarter-for-us-uk-businesses,,https://sphereglobal.solutions/the-100k-h-1b-visa-shock-why-outsourcing-with-sphere-global-is-smarter-for-us-uk-businesses
https://sphereglobal.solutions/business-outsourcing-solutions-drive-growth,200,True,"index, follow",False,https://sphereglobal.solutions/business-outsourcing-solutions-drive-growth,,https://sphereglobal.solutions/business-outsourcing-solutions-drive-growth
https://sphereglobal.solutions/the-role-of-pmaas-noc,200,True,"index, follow",False,https://sphereglobal.solutions/the-role-of-pmaas-noc,,https://sphereglobal.solutions/the-role-of-pmaas-noc
https://sphereglobal.solutions/why-telcos-need-to-rethink-noc-strategy-ai-era,200,True,"index, follow",False,https://sphereglobal.solutions/why-telcos-need-to-rethink-noc-strategy-ai-era,,https://sphereglobal.solutions/why-telcos-need-to-rethink-noc-strategy-ai-era
https://sphereglobal.solutions/noc-services-for-telecom-operators,200,True,"index, follow",False,https://sphereglobal.solutions/noc-services-for-telecom-operators,,https://sphereglobal.solutions/noc-services-for-telecom-operators
https://sphereglobal.solutions/ai-automation-network-operations-center-noc,200,True,"index, follow",False,https://sphereglobal.solutions/ai-automation-network-operations-center-noc,,https://sphereglobal.solutions/ai-automation-network-operations-center-noc
https://sphereglobal.solutions/noc-outsourcing-helps-telcos,200,True,"index, follow",False,https://sphereglobal.solutions/noc-outsourcing-helps-telcos,,https://sphereglobal.solutions/noc-outsourcing-helps-telcos
https://sphereglobal.solutions/how-sbpo-improves-operational-efficiency-for-modern-businesses,200,True,"index, follow",False,https://sphereglobal.solutions/how-sbpo-improves-operational-efficiency-for-modern-businesses,,https://sphereglobal.solutions/how-sbpo-improves-operational-efficiency-for-modern-businesses
https://sphereglobal.solutions/network-monitoring-for-telecom-operators,200,True,"index, follow",False,https://sphereglobal.solutions/network-monitoring-for-telecom-operators,,https://sphereglobal.solutions/network-monitoring-for-telecom-operators
https://sphereglobal.solutions/unified-customer-experience-retention-nps,200,True,"index, follow",False,https://sphereglobal.solutions/unified-customer-experience-retention-nps,,https://sphereglobal.solutions/unified-customer-experience-retention-nps
https://sphereglobal.solutions/sphere-global-unified-cx-partner-telecom-bpo,200,True,"index, follow",False,https://sphereglobal.solutions/sphere-global-unified-cx-partner-telecom-bpo,,https://sphereglobal.solutions/sphere-global-unified-cx-partner-telecom-bpo
https://sphereglobal.solutions/noc-vs-soc,200,True,"index, follow",False,https://sphereglobal.solutions/noc-vs-soc,,https://sphereglobal.solutions/noc-vs-soc
https://sphereglobal.solutions/telecom-bpo-and-noc-how-collaboration-enhances-network-efficiency,200,True,"index, follow",False,https://sphereglobal.solutions/telecom-bpo-and-noc-how-collaboration-enhances-network-efficiency,,https://sphereglobal.solutions/telecom-bpo-and-noc-how-collaboration-enhances-network-efficiency
https://sphereglobal.solutions/telecom-bpo-ai-noc-integration-end-to-end-service-assurance,200,True,"index, follow",False,https://sphereglobal.solutions/telecom-bpo-ai-noc-integration-end-to-end-service-assurance,,https://sphereglobal.solutions/telecom-bpo-ai-noc-integration-end-to-end-service-assurance
https://sphereglobal.solutions/cost-optimisation-strategies-for-noc-operations,200,True,"index, follow",False,https://sphereglobal.solutions/cost-optimisation-strategies-for-noc-operations,,https://sphereglobal.solutions/cost-optimisation-strategies-for-noc-operations
https://sphereglobal.solutions/noc-ai-predictive-telecom-network-operations,200,True,"index, follow",False,https://sphereglobal.solutions/noc-ai-predictive-telecom-network-operations,,https://sphereglobal.solutions/noc-ai-predictive-telecom-network-operations
https://sphereglobal.solutions/telecommunications-infrastructure-modernisation-for-2025-guide,200,True,"index, follow",False,https://sphereglobal.solutions/telecommunications-infrastructure-modernisation-for-2025-guide,,https://sphereglobal.solutions/telecommunications-infrastructure-modernisation-for-2025-guide
https://sphereglobal.solutions/sbpo-vs-traditional-bpo-key-differences-modern-businesses-must-know,200,True,"index, follow",False,https://sphereglobal.solutions/sbpo-vs-traditional-bpo-key-differences-modern-businesses-must-know,,https://sphereglobal.solutions/sbpo-vs-traditional-bpo-key-differences-modern-businesses-must-know
https://sphereglobal.solutions/benefits-of-sbpo-for-telecom-companies,200,True,"index, follow",False,https://sphereglobal.solutions/benefits-of-sbpo-for-telecom-companies,,https://sphereglobal.solutions/benefits-of-sbpo-for-telecom-companies
https://sphereglobal.solutions/what-is-specialised-bpo-sbpo-a-complete-guide-for-modern-businesses,200,True,"index, follow",False,https://sphereglobal.solutions/what-is-specialised-bpo-sbpo-a-complete-guide-for-modern-businesses,,https://sphereglobal.solutions/what-is-specialised-bpo-sbpo-a-complete-guide-for-modern-businesses
https://sphereglobal.solutions/telecom-solutions-enterprises-2025,200,True,"index, follow",False,https://sphereglobal.solutions/telecom-solutions-enterprises-2025,,https://sphereglobal.solutions/telecom-solutions-enterprises-2025
https://sphereglobal.solutions/telecom-consulting-digital-transformation,200,True,"index, follow",False,https://sphereglobal.solutions/telecom-consulting-digital-transformation,,https://sphereglobal.solutions/telecom-consulting-digital-transformation
https://sphereglobal.solutions/enterprise-telecom-solutions-noc-partner-selection-guide,200,True,"index, follow",False,https://sphereglobal.solutions/enterprise-telecom-solutions-noc-partner-selection-guide,,https://sphereglobal.solutions/enterprise-telecom-solutions-noc-partner-selection-guide
https://sphereglobal.solutions/buyers-guide-telecom-noc-partner,200,True,"index, follow",False,https://sphereglobal.solutions/buyers-guide-telecom-noc-partner,,https://sphereglobal.solutions/buyers-guide-telecom-noc-partner
https://sphereglobal.solutions/enterprise-telecom-solutions-checklist,200,True,"index, follow",False,https://sphereglobal.solutions/enterprise-telecom-solutions-checklist,,https://sphereglobal.solutions/enterprise-telecom-solutions-checklist
https://sphereglobal.solutions/telecom-consulting-services-digital-transformation,200,True,"index, follow",False,https://sphereglobal.solutions/telecom-consulting-services-digital-transformation,,https://sphereglobal.solutions/telecom-consulting-services-digital-transformation
https://sphereglobal.solutions/telecom-solutions-for-enterprises-what-businesses-should-expect-in-2025,200,True,"index, follow",False,https://sphereglobal.solutions/telecom-solutions-for-enterprises-what-businesses-should-expect-in-2025,,https://sphereglobal.solutions/telecom-solutions-for-enterprises-what-businesses-should-expect-in-2025
https://sphereglobal.solutions/data-entry-outsourcing-services-guide-2025,200,True,"index, follow",False,https://sphereglobal.solutions/data-entry-outsourcing-services-guide-2025,,https://sphereglobal.solutions/data-entry-outsourcing-services-guide-2025
https://sphereglobal.solutions/offshore-data-entry-services-cost-saving-strategy,200,True,"index, follow",False,https://sphereglobal.solutions/offshore-data-entry-services-cost-saving-strategy,,https://sphereglobal.solutions/offshore-data-entry-services-cost-saving-strategy
https://sphereglobal.solutions/bpo-services-explained-outsourcing-transforms-operations,200,True,"index, follow",False,https://sphereglobal.solutions/bpo-services-explained-outsourcing-transforms-operations,,https://sphereglobal.solutions/bpo-services-explained-outsourcing-transforms-operations
https://sphereglobal.solutions/ecommerce-data-entry-services-product-listing-accuracy,200,True,"index, follow",False,https://sphereglobal.solutions/ecommerce-data-entry-services-product-listing-accuracy,,https://sphereglobal.solutions/ecommerce-data-entry-services-product-listing-accuracy
https://sphereglobal.solutions/crm-data-entry-outsourcing-customer-accuracy-sales-performance,200,True,"index, follow",False,https://sphereglobal.solutions/crm-data-entry-outsourcing-customer-accuracy-sales-performance,,https://sphereglobal.solutions/crm-data-entry-outsourcing-customer-accuracy-sales-performance
https://sphereglobal.solutions/managed-it-services-guide-modern-enterprises,200,True,"index, follow",False,https://sphereglobal.solutions/managed-it-services-guide-modern-enterprises,,https://sphereglobal.solutions/managed-it-services-guide-modern-enterprises
https://sphereglobal.solutions/billing-services-guide-growing-businesses,200,True,"index, follow",False,https://sphereglobal.solutions/billing-services-guide-growing-businesses,,https://sphereglobal.solutions/billing-services-guide-growing-businesses
https://sphereglobal.solutions/data-entry-services-outsourcing-guide,200,True,"index, follow",False,https://sphereglobal.solutions/data-entry-services-outsourcing-guide,,https://sphereglobal.solutions/data-entry-services-outsourcing-guide
https://sphereglobal.solutions/managed-it-services-business-continuity-guide,200,True,"index, follow",False,https://sphereglobal.solutions/managed-it-services-business-continuity-guide,,https://sphereglobal.solutions/managed-it-services-business-continuity-guide
https://sphereglobal.solutions/common-billing-challenges-outsourcing-solutions,200,True,"index, follow",False,https://sphereglobal.solutions/common-billing-challenges-outsourcing-solutions,,https://sphereglobal.solutions/common-billing-challenges-outsourcing-solutions
https://sphereglobal.solutions/types-of-data-entry-services-use-cases,200,True,"index, follow",False,https://sphereglobal.solutions/types-of-data-entry-services-use-cases,,https://sphereglobal.solutions/types-of-data-entry-services-use-cases
https://sphereglobal.solutions/accurate-billing-services-cash-flow-revenue-control,200,True,"index, follow",False,https://sphereglobal.solutions/accurate-billing-services-cash-flow-revenue-control,,https://sphereglobal.solutions/accurate-billing-services-cash-flow-revenue-control
https://sphereglobal.solutions/sphere-global-solutions-iso-27001-2022-certification,200,True,"index, follow",False,https://sphereglobal.solutions/sphere-global-solutions-iso-27001-2022-certification,,https://sphereglobal.solutions/sphere-global-solutions-iso-27001-2022-certification
https://sphereglobal.solutions/data-entry-outsourcing-vs-inhouse-cost-comparison,200,True,"index, follow",False,https://sphereglobal.solutions/data-entry-outsourcing-vs-inhouse-cost-comparison,,https://sphereglobal.solutions/data-entry-outsourcing-vs-inhouse-cost-comparison
https://sphereglobal.solutions/reliable-managed-it-services-provider-components,200,True,"index, follow",False,https://sphereglobal.solutions/reliable-managed-it-services-provider-components,,https://sphereglobal.solutions/reliable-managed-it-services-provider-components
https://sphereglobal.solutions/billing-compliance-and-error-reduction-through-outsourced-billing-services,200,True,"index, follow",False,https://sphereglobal.solutions/billing-compliance-and-error-reduction-through-outsourced-billing-services,,https://sphereglobal.solutions/billing-compliance-and-error-reduction-through-outsourced-billing-services
https://sphereglobal.solutions/secure-data-entry-services,200,True,"index, follow",False,https://sphereglobal.solutions/secure-data-entry-services,,https://sphereglobal.solutions/secure-data-entry-services
https://sphereglobal.solutions/branch-closures-broken-operating-models,200,True,"index, follow",False,https://sphereglobal.solutions/branch-closures-broken-operating-models,,https://sphereglobal.solutions/branch-closures-broken-operating-models
https://sphereglobal.solutions/managed-it-services-vs-break-fix-it-support,200,True,"index, follow",False,https://sphereglobal.solutions/managed-it-services-vs-break-fix-it-support,,https://sphereglobal.solutions/managed-it-services-vs-break-fix-it-support
https://sphereglobal.solutions/provisioning-services-order-fulfilment-service-activation,200,True,"index, follow",False,https://sphereglobal.solutions/provisioning-services-order-fulfilment-service-activation,,https://sphereglobal.solutions/provisioning-services-order-fulfilment-service-activation
https://sphereglobal.solutions/manual-vs-automated-data-entry-services,200,True,"index, follow",False,https://sphereglobal.solutions/manual-vs-automated-data-entry-services,,https://sphereglobal.solutions/manual-vs-automated-data-entry-services
https://sphereglobal.solutions/managed-it-services-for-smes-uk,200,True,"index, follow",False,https://sphereglobal.solutions/managed-it-services-for-smes-uk,,https://sphereglobal.solutions/managed-it-services-for-smes-uk
https://sphereglobal.solutions/provisioning-workflow-challenges-outsourcing-efficiency,200,True,"index, follow",False,https://sphereglobal.solutions/provisioning-workflow-challenges-outsourcing-efficiency,,https://sphereglobal.solutions/provisioning-workflow-challenges-outsourcing-efficiency
https://sphereglobal.solutions/virgin-media-o2-netomnia-and-what-this-deal-really-signals-for-uk-fibre,200,True,"index, follow",False,https://sphereglobal.solutions/virgin-media-o2-netomnia-and-what-this-deal-really-signals-for-uk-fibre,,https://sphereglobal.solutions/virgin-media-o2-netomnia-and-what-this-deal-really-signals-for-uk-fibre
https://sphereglobal.solutions/data-quality-management-in-data-entry-services,200,True,"index, follow",False,https://sphereglobal.solutions/data-quality-management-in-data-entry-services,,https://sphereglobal.solutions/data-quality-management-in-data-entry-services
https://sphereglobal.solutions/managed-it-services-reduce-it-downtime-risk,200,True,"index, follow",False,https://sphereglobal.solutions/managed-it-services-reduce-it-downtime-risk,,https://sphereglobal.solutions/managed-it-services-reduce-it-downtime-risk
https://sphereglobal.solutions/billing-services-best-practices-for-scalable-business-operations,200,True,"index, follow",False,https://sphereglobal.solutions/billing-services-best-practices-for-scalable-business-operations,,https://sphereglobal.solutions/billing-services-best-practices-for-scalable-business-operations
https://sphereglobal.solutions/industry-use-cases-data-entry-outsourcing,200,True,"index, follow",False,https://sphereglobal.solutions/industry-use-cases-data-entry-outsourcing,,https://sphereglobal.solutions/industry-use-cases-data-entry-outsourcing
https://sphereglobal.solutions/cloud-support-managed-it-services,200,True,"index, follow",False,https://sphereglobal.solutions/cloud-support-managed-it-services,,https://sphereglobal.solutions/cloud-support-managed-it-services
https://sphereglobal.solutions/hidden-costs-in-house-it-service-desk,200,True,"index, follow",False,https://sphereglobal.solutions/hidden-costs-in-house-it-service-desk,,https://sphereglobal.solutions/hidden-costs-in-house-it-service-desk
https://sphereglobal.solutions/integrating-billing-and-provisioning-services-for-operational-accuracy,200,True,"index, follow",False,https://sphereglobal.solutions/integrating-billing-and-provisioning-services-for-operational-accuracy,,https://sphereglobal.solutions/integrating-billing-and-provisioning-services-for-operational-accuracy
https://sphereglobal.solutions/bulk-data-entry-services-for-large-scale-operations,200,True,"index, follow",False,https://sphereglobal.solutions/bulk-data-entry-services-for-large-scale-operations,,https://sphereglobal.solutions/bulk-data-entry-services-for-large-scale-operations
https://sphereglobal.solutions/cybersecurity-compliance-managed-it-services,200,True,"index, follow",False,https://sphereglobal.solutions/cybersecurity-compliance-managed-it-services,,https://sphereglobal.solutions/cybersecurity-compliance-managed-it-services
https://sphereglobal.solutions/scale-business-operations-bpo-noc-services,200,True,"index, follow",False,https://sphereglobal.solutions/scale-business-operations-bpo-noc-services,,https://sphereglobal.solutions/scale-business-operations-bpo-noc-services
